idx,id
6000,w200f
6001,1217jdk
6002,gustjd0808
6003,kat315
6004,kh941217
6005,kzc123
6006,shoon125
6007,surfing2003
6008,tom9744
6009,wnsgh578
6010,yjs3819
6011,chohy0555
6012,jje951122
6013,jj_seong
6014,jooijin
6015,oper7439
6016,sisyphus
6017,xvbc
6018,AdcKi
6019,asj12896
6020,bhj1684
6021,bruce1115
6022,djh20
6023,dlckdgk4858
6024,heesung6701
6025,invanda
6026,kjsd007
6027,llewrog
6028,tjdwns1865
6029,tlstjd436
6030,uzin97
6031,yjsmk0902
6032,daji0210
6033,dgmon79
6034,dkrmrm878
6035,eve8108
6036,fin
6037,hp3265
6038,hyh_1016
6039,inust33
6040,junstone1995
6041,jwg8679
6042,jy11100
6043,kdb1418
6044,l412206
6045,marine11
6046,mdiu2203
6047,qlrndepddl
6048,ses8323
6049,wjdwjd95
6050,wldn4444
6051,0909oje
6052,5ffy
6053,adnyss
6054,alsdnr9999
6055,bighilljae
6056,cco2416
6057,hjbyun174
6058,jsyang789
6059,minuk1236
6060,yerim5287
6061,yon7608
6062,acecwoong
6063,aliveone
6064,boom22000
6065,choyj427
6066,dnjstkd31
6067,harrychoe
6068,jeongyw12382
6069,jih7368
6070,kj95287190
6071,ksj8121
6072,nwh0512
6073,rvd619rey
6074,shlee4290
6075,sidyddl236
6076,skyp0714
6077,spider0324
6078,windows
6079,lateson
6080,long0214
6081,lunaof12
6082,primayy
6083,tngus980706
6084,xoghks1397
6085,054679860
6086,777joonho
6087,acetaldehyde
6088,dbs159
6089,dddfff22
6090,jjangguzi
6091,kbillw04
6092,kbp0237
6093,kiki7000
6094,kk0640
6095,lufovic77
6096,qkrgusxo
6097,shhan321
6098,shon804
6099,yeji9784
6100,zkoong
6101,cws0188
6102,dbfm0104
6103,dg8987
6104,dirlawhddbs
6105,dydzlwwkd
6106,hcjy97
6107,hotchya
6108,jjim9417
6109,joyjoyce96
6110,june11128
6111,kkyuu
6112,parkwc0213
6113,redhd0410
6114,rldnd951
6115,roccokjs
6116,silverjae
6117,12dbwls34
6118,9point8
6119,c01d_br0th3r
6120,hansj05
6121,heech1013
6122,Heyhue07
6123,hjjae2
6124,hodong42
6125,identity34
6126,jedy
6127,jeongyong95
6128,pyro
6129,sacomex32
6130,samgkgkgk
6131,structfox
6132,wwt32
6133,yhd1411
6134,yjkim0122
6135,yoonjaej
6136,chanos
6137,chjh92
6138,codejin
6139,gee03143
6140,ggpp09
6141,hyemin8670
6142,injefol
6143,jung789
6144,kan5995
6145,leejh3907
6146,navier
6147,puberty4ever
6148,qkrdbgml13
6149,res1235
6150,wony9324
6151,wreckitralph
6152,xhodingsamm
6153,ydh9516
6154,yk0318ha
6155,aktnl3601
6156,chlwjdals98
6157,freemjstudio
6158,girlera7
6159,gjwlsthf1020
6160,gyj118
6161,jaehyung
6162,jtj323
6163,kmutal712
6164,krenerd
6165,ksh19933
6166,needsomecash
6167,rilac1
6168,tkdqja2021
6169,wkd3475
6170,daniel930807
6171,dltlsgh45
6172,eeapbh
6173,ganagana
6174,jhj5897
6175,poqo2
6176,qet1123
6177,scientistkjm
6178,sjb8032
6179,robert334
6180,sjsim0319
6181,spdlqjdk1012
6182,sso07012
6183,wlgusdn700
6184,aria22408
6185,byungkyu_dev
6186,compa513
6187,eshc1
6188,haaaeeem
6189,jsjsjs1492
6190,ludio
6191,qkrqhals13
6192,sean6743
6193,songagreen
6194,wlgjs0817
6195,woghks7788
6196,wolfram_alpha
6197,begachu
6198,chay116
6199,chipmaker0304
6200,daegu_kgb
6201,dat_sci_seol
6202,dhtjstlr777
6203,do168
6204,flol47
6205,hera777
6206,injoon2018
6207,junghyun33
6208,kiwoong96
6209,kwj426
6210,onsoim
6211,smartshk
6212,sukkie95
6213,sunghyeck17
6214,tjddneva
6215,xodnjs1245
6216,alskdjf
6217,cavok699
6218,ehdud5578
6219,hhr8540
6220,jyoo0515
6221,kwon322
6222,lambda
6223,poohsy1004
6224,shs0985
6225,thankowl777
6226,tldn051008
6227,v1226q
6228,2001jack
6229,azmo
6230,bayminimum
6231,blue_sau
6232,chldbwls19
6233,csh3695
6234,kicc1108
6235,lyb35548
6236,mwbp
6237,ness9917
6238,rohujin97
6239,choism3938
6240,dh54kim
6241,gkfla1017
6242,leesieun
6243,lko0365
6244,m4kgsjd
6245,psu9808
6246,sawon49
6247,seun1105
6248,sunghwan2789
6249,TheKinGoD
6250,tndyd5363
6251,twicedtna
6252,acehong1021
6253,ayoung0924
6254,ckdtjq1121
6255,cloud_container
6256,dkekd9
6257,dyflajrwk
6258,jack603
6259,ophelia172
6260,pega501
6261,starbow
6262,tjd7979
6263,wnvy301
6264,acrord
6265,cepiloth
6266,dcryu7287
6267,jayceking
6268,jhd0238
6269,jinsig98
6270,joystic1234
6271,numnum
6272,oiko5
6273,starfishda
6274,summerluna
6275,thomashan91
6276,whwjdqls99
6277,xlrnux
6278,yeopgi
6279,edward0im
6280,ejrgus14041
6281,flip1945
6282,gmlrhks95
6283,hw4n
6284,jaemin8852
6285,jgy777
6286,jonghyunee
6287,krs1232
6288,ms7859
6289,tothehils
6290,cestlavie857
6291,cjcjon
6292,clscls253
6293,dkxkqkrtkddn
6294,ekfhdwld
6295,eoanswkgksk
6296,eogh1209
6297,halo726
6298,jimmynew
6299,kminheuk
6300,ksw9997
6301,mini0430
6302,cndgud9056
6303,coronal95
6304,ericcho49
6305,fabichoi
6306,hsh5726
6307,nono5546
6308,puleugo
6309,qwd0214
6310,rlaeoqkrl
6311,sch0115
6312,tjrgmlwlghks
6313,where369
6314,wjsgudwls89
6315,zyoa
6316,akwlakr
6317,aranch
6318,hoit1302
6319,junah
6320,mu1616
6321,nkm5246
6322,pooh0407
6323,ryuwhale95
6324,thdmsdl87
6325,asd0755
6326,danalee5745
6327,isaaclys
6328,kdch0823
6329,sally0226
6330,sbmsky
6331,soo0546
6332,su1715
6333,tn00012
6334,wkdus7h
6335,xntm3324
6336,yjg03298
6337,chiseungii
6338,culdm
6339,dreamsweet
6340,hhseok960_python
6341,hsh0322
6342,jwb7214
6343,kldoggod
6344,lim19970929
6345,nahyun858
6346,phw1996
6347,qotmd01
6348,redsiwon
6349,takedown2
6350,truewalk55
6351,wjdrhdms002
6352,yooasd11
6353,yuyi2000
6354,cracker06
6355,crescmoon
6356,dhalsdl12
6357,dkim
6358,esl112999
6359,gjwnsgus65
6360,gungadinn
6361,meddookjung
6362,regular098
6363,sinno0503
6364,uno6070w
6365,xodms8713
6366,youwlghks
6367,zxc2346
6368,12dkdl889
6369,ayeon97
6370,chojo1532
6371,dudqja8847
6372,gusdnd1204
6373,kt0900
6374,minsung05
6375,ds0213
6376,enffl9568
6377,hepheir
6378,jisus
6379,jsmin6564
6380,jujeongho
6381,kmslkh
6382,qw0520
6383,rnjstmdals6
6384,shinjam
6385,slwhswk
6386,vetyver
6387,wjsgkflrhtn1
6388,wlgns2223
6389,wnsdl1659
6390,wowns9270
6391,dnl7qjs
6392,fairy037
6393,hamfan524
6394,hanson119
6395,inar
6396,jihoo
6397,joony94
6398,krapsm
6399,lyg726016
6400,maum97
6401,yr7256
6402,yun0522
6403,dpc0516
6404,kimforstudy
6405,leekangrim01
6406,lizze1221
6407,lsh5269
6408,moondea2
6409,mulmandoo
6410,psj03283
6411,sig45
6412,sjkwon9707
6413,colamango
6414,hops
6415,king9990
6416,ktp12
6417,maple123
6418,ohksj77
6419,ost2903
6420,pbg0205
6421,pdh1642
6422,play55
6423,ptcjw201
6424,rkaskan506
6425,rockrool2
6426,sophia5460
6427,sri977
6428,stary7stars
6429,tjy2202
6430,yeonzzu45
6431,zzaa9898
6432,ansek217
6433,bagmeg
6434,betteryou
6435,donghoon0709
6436,hengzizng
6437,jinwoo_ahn
6438,kimhuisuv
6439,ktt7566
6440,kunwoo0927
6441,many
6442,onsil
6443,rlaghdrl333
6444,seoyeon1018
6445,tkffpstldh2
6446,webserver3315
6447,you2882
6448,zygmunt137
6449,aa1aaaa11
6450,bsy6655
6451,bypro97
6452,dmlghkswq
6453,gyuman
6454,jkwchunjae
6455,kjhyeon48
6456,lay0711
6457,ljh0903
6458,moveside
6459,wurikiji
6460,xcm1321
6461,051ssaa
6462,both1111
6463,kangbk4188
6464,kds2048
6465,kge1381
6466,mok03127
6467,seojiwon335
6468,sihwa95
6469,sup22
6470,tiger1710
6471,ywo311
6472,abg1000
6473,dyddn0823
6474,ggmnypsk
6475,gjdpdms2005
6476,gksey0119
6477,hari3o
6478,jinsoo941010
6479,m980107
6480,vhtmflzhs
6481,akakslslzz
6482,alsrb0607
6483,cjhcpp
6484,dmdghto
6485,gw4621
6486,hsw1920
6487,jay531
6488,junjuns
6489,korea3611
6490,maengindex
6491,martin0327
6492,mh030315
6493,polkm789
6494,potress7
6495,ragwort
6496,ririro93
6497,sj5173
6498,songsuheon97
6499,tryjso
6500,2002tony
6501,201
6502,a4022683
6503,azmairo
6504,chj878194
6505,choyj2012
6506,crisp200
6507,cubejhs
6508,h5tchi
6509,heo3211
6510,hun2two
6511,innocent88
6512,jatyu62
6513,joj123123
6514,jungyu09
6515,justin0907
6516,kch1285
6517,kkgmco0825
6518,shoulmon
6519,honor
6520,joonie811
6521,kh0712
6522,meumang
6523,xkzl9830
6524,jaebok123
6525,kangyuseok
6526,lllllllhisll
6527,nemostar5
6528,onacloud
6529,pkjoho95
6530,poo1maneoung
6531,semin0723
6532,bangtori
6533,coooder
6534,dohun31
6535,emma2007baek
6536,finemini
6537,glgl2131
6538,gustir929
6539,halin
6540,kimyongjun3097
6541,kmn4555
6542,limseung10
6543,nkmg
6544,rhekrud1204
6545,silvernyangz
6546,smile5917
6547,bmj3601
6548,dhrmsry7
6549,dia312
6550,eekdrnf9904
6551,forbid403
6552,joungju257
6553,leefree3
6554,miracle1234
6555,ouosssssssa
6556,ppdd
6557,pre_f_86
6558,qowlz
6559,qufwnfahs
6560,rladlwls
6561,vghjm
6562,bonoky
6563,bsh6579
6564,c2hot
6565,contail
6566,ghksrl6582
6567,hackerbv
6568,iessej921
6569,jmsong62
6570,kihun0bu
6571,kimmj0920
6572,lyt1228
6573,mbae059
6574,nalee127
6575,sks1cjswo
6576,syw5141
6577,thahn106
6578,asdf5030
6579,dlagpwn24
6580,edge1994
6581,h7678036
6582,haruu19
6583,hhj3258
6584,hm104284
6585,jshine
6586,jun93920
6587,lim3944
6588,lsb918
6589,pmch0325
6590,pyohyu970
6591,red0825
6592,seungjiqueen
6593,bionicbeaver
6594,dlwlrma
6595,ghdwns315
6596,jwcho99
6597,ljh0940
6598,nonazero
6599,rotti_kim
6600,sik8856
6601,skql5810
6602,wkdtnwp
6603,audwns27
6604,comforest
6605,coolsoomin
6606,ct8322
6607,dongin
6608,grw05428
6609,ipeter
6610,jonghoone94
6611,jsw782
6612,junqwoopark
6613,kebee95
6614,kiki9484
6615,kmk324
6616,koo5590
6617,leesh5000
6618,memo0926
6619,mxteroid
6620,smc2315
6621,um1129
6622,yung3k7
6623,cksghkd123
6624,dbsah328
6625,dreampartner
6626,dydqja1013
6627,ehdgud583205
6628,goraegori
6629,kwon9348
6630,mohai2618
6631,rgunny
6632,wjdchs0129
6633,wodnjs
6634,abcd1428
6635,aphlox
6636,cowlick21
6637,edhz8888
6638,experien
6639,gptjddl123
6640,hamartia
6641,hong7498kim
6642,jwseo001
6643,kc960923
6644,khnkyu
6645,nyapy
6646,psinwoo
6647,qotjdgus96
6648,rang21c
6649,sangminnim
6650,skarnd9511
6651,sohee
6652,tadei
6653,thomas783
6654,ynkim31
6655,bjh0429
6656,coder38611
6657,dwgdwg
6658,hdb1031
6659,hyelie
6660,jyb2605
6661,mjkam
6662,controlcaret
6663,mongsiry013
6664,nox213
6665,oilh
6666,phoebe7075
6667,piri007
6668,regitiger98
6669,ropeiny
6670,samshin3910
6671,shema7k
6672,wemanse
6673,wjdtj9656
6674,wjfjstkfka
6675,ysh2328
6676,zzaz1012
6677,bear6465
6678,donguk3105
6679,ehdgus619
6680,gmldi135
6681,groove147
6682,hunni10
6683,kangwoosukeq
6684,nahyunee24
6685,nickytv
6686,nub8p
6687,rbtjr970525
6688,rfyam8562
6689,saqwzx88
6690,sksms17456
6691,william9906
6692,woo2484
6693,yooase12
6694,bjgu97
6695,heyksw0208
6696,i50468218554
6697,jsksj95
6698,jws5745
6699,kevin5164
6700,koy2034
6701,krh963852
6702,qudgk182
6703,situodys
6704,yylcd99999
6705,cjdrn0208
6706,ghkdu2
6707,heesung4767
6708,hys6078
6709,kho2867
6710,kimjy199
6711,pec9399
6712,qkrtjdqls031
6713,swjw28
6714,tinoon18
6715,zmfpdlwm130
6716,clichy
6717,danhandev
6718,dormi
6719,jooyeok42
6720,khndhkx123
6721,ksw51101
6722,numna
6723,rkddustn96
6724,roccokjs_sniper
6725,shiroed1211
6726,wkarhfo
6727,wlsgmldjdsla
6728,wndud0627
6729,wooko5
6730,yd0384
6731,younjisang
6732,12ey
6733,daeng_meong
6734,esha
6735,gjscjfdll
6736,gmldus0407
6737,iamkangjh
6738,jon501
6739,jsp13
6740,kdjames0930
6741,levelup
6742,mingyu331
6743,phantom2691
6744,qjarl592
6745,ryuseonghyun
6746,tkdals3707
6747,wnsgur12349
6748,zlmmxe
6749,asdf11245
6750,chlals862
6751,chrisj67
6752,csj6172
6753,ltnscp9028
6754,malbong
6755,unseed
6756,wnsgur1595
6757,2020qkrrhd
6758,987kjh
6759,aaaa727
6760,bshnet
6761,choiys0513
6762,congcoding
6763,cqb3737
6764,dubu4050
6765,goust2001c
6766,hhk9292
6767,kangeeeee
6768,khsung0
6769,kkam0724
6770,ksshlee
6771,ky014789
6772,rabbit007
6773,vnfma4810
6774,woose28
6775,dearshawn
6776,dk41245
6777,doralife12
6778,epstkd1220
6779,hshoon01
6780,jaeyeon93
6781,jeong0982
6782,kms9887
6783,lein
6784,phh117
6785,rra3108
6786,ujnue9
6787,asqwklop12
6788,binbni
6789,chltmdals111
6790,choiys
6791,dleotjd510
6792,ghjo92
6793,hyeseung0124
6794,iambyunghyun
6795,ilsole1025
6796,larcane
6797,meloncha0205
6798,mts7309
6799,parkeunji
6800,r4k0nb4k0n
6801,tlazzang
6802,troas96
6803,wjddnr315
6804,yeest
6805,als398
6806,bbbb
6807,fastz
6808,ji0706
6809,jjssmm1217
6810,jmc0504
6811,karina
6812,kudave20
6813,prettygirl94
6814,rlawowns000
6815,rlfehd2021
6816,bum12ark
6817,eric2057
6818,fnvl1082
6819,h2j4607
6820,heemang2001
6821,josephwow
6822,noname0815
6823,only_answer
6824,pkr951113
6825,qkrtk27
6826,rhyuys115
6827,rkdalsrb1212
6828,simoolook
6829,aka2344
6830,altmd99
6831,bb06001
6832,cdnljw
6833,chsme145
6834,ds05101
6835,eariza
6836,ehals5921
6837,hyeok9sae
6838,kabosu11941
6839,khj940829
6840,kingcrown20200
6841,kke0949
6842,kuk6933
6843,mjh7
6844,orgin00
6845,seozoo12
6846,whdwls2123
6847,woo036325
6848,yayjune
6849,yeolpyeong
6850,yhspace33
6851,ysh91461778
6852,apple06521
6853,dyp0731
6854,gbba1029
6855,genesis
6856,jaeserrr
6857,jake1121
6858,kdream2620
6859,kws7327
6860,rodxx
6861,stberry8
6862,sy_y
6863,wmafl0423
6864,yeschanlim
6865,beni1026
6866,beowolf4565
6867,cmwmom
6868,corhydrae
6869,dbsrud11
6870,easttwave
6871,firefox37
6872,jdrjk0000
6873,jhyunlee
6874,koowoo3
6875,oivio2356
6876,return_18
6877,rrsscc95
6878,tjdwns9808
6879,try615
6880,whqjawls94
6881,zxcv9203
6882,can9165
6883,diakswl11
6884,ginami0129b
6885,kangmin5505
6886,khk7129
6887,mjpark
6888,whirlwind_ko
6889,ajuys
6890,andus91
6891,chomil96
6892,codingforfun
6893,hoonbae
6894,jscb159
6895,lee2963
6896,neils16
6897,qhrb1997
6898,sdm821
6899,seokjh7172
6900,stte12
6901,tjswn9727
6902,tmddjs210
6903,toto9091
6904,win198978
6905,dkwjdi
6906,dnjstlr0503
6907,dogdealer27
6908,dr_skku
6909,eastgloss0330
6910,ehd1120gus
6911,gk1vk
6912,kisukim
6913,lee4519698
6914,ourjes
6915,oversteam
6916,parkyc0301
6917,qwqw1314
6918,soong2002
6919,tnsals0709
6920,wkdtjsdn77
6921,woomj1128
6922,youkind
6923,1114nhj
6924,39ghwjd
6925,aya01317
6926,ber01
6927,chillycorn
6928,effervescent
6929,heroswift15
6930,jasper
6931,joey0307
6932,mhj5494
6933,neoguri
6934,rkdckddnr1
6935,snowbj
6936,soleil_eun
6937,sungje
6938,tjq2702
6939,tnwls0529
6940,toby0806
6941,twitty3420
6942,violetleejh
6943,2jyoons
6944,denyok
6945,goodolee
6946,hyung9571
6947,jacksung
6948,jeongho20
6949,jw07
6950,ksh0414
6951,lees741
6952,mozzi01331
6953,nonamed
6954,ohk990102
6955,skd03052
6956,take97531
6957,tls1gy2rms3
6958,vter07
6959,z_z
6960,adldotori
6961,apjw6112
6962,chris0825
6963,da1907
6964,dbfla558
6965,dorrdorr9311
6966,ehdgus5094
6967,hun0108
6968,khe49260
6969,khunlee0508
6970,kimsm7337
6971,last_remote
6972,mhchung04
6973,moktak072
6974,na0173
6975,o3o132
6976,oeoe951
6977,opr8632
6978,ouo980718
6979,qwq713
6980,skyfin59
6981,wdd1128
6982,ajrwk384
6983,claire11
6984,damyoung1225
6985,dlfrk7
6986,dlwoduq78
6987,dydwls9660
6988,easy_two
6989,elgcha
6990,gilfoyle
6991,jryoun1
6992,kyrsmreo
6993,lubiksss1
6994,pgs3858
6995,stebia
6996,tlagmltjq10
6997,vionicbest
6998,xron2929
6999,11kkw
7000,336699go
7001,cr3218
7002,dwywdo
7003,gandi0330
7004,j0308j
7005,jdy9639
7006,klata0206
7007,ksks0908
7008,mojo1821
7009,pengin
7010,skyrhim
7011,violet716
7012,wonpyo93
7013,yb1020
7014,dlgnsxo123
7015,floreo1242
7016,ggp03016
7017,inwoo920
7018,i_am_commang
7019,jamangstangs
7020,kmiiiaa
7021,koalakid
7022,kyungjinkim
7023,ph2372
7024,reach
7025,ssundong0_0
7026,vividxenon
7027,znyuk96
7028,an286
7029,anacoluthon
7030,ciw960621
7031,dkrnflspython
7032,helmsman
7033,khb1109
7034,ktf1008
7035,tjdals1771
7036,treeboy0384
7037,y_y22
7038,cypherh
7039,dbalstkd96
7040,dbzlf123
7041,joqjoq966
7042,june642300
7043,jymomjin3
7044,k98cs057
7045,opencluster
7046,rjadms1028
7047,rooty2020
7048,syntaxtree
7049,weaver9651
7050,wjdwodud11
7051,wookii
7052,wrallee
7053,5294019
7054,asd122032
7055,bjw2761
7056,ghdwltn0204
7057,gwangmyeong
7058,im4u_son
7059,jinwoo17962
7060,kwondongwook
7061,kyy627
7062,lahee0731
7063,loyong
7064,nir805
7065,nosorae
7066,qwerty97532
7067,rladml91gus
7068,seungy97
7069,theaqwe
7070,tpdns90321
7071,backsilver
7072,chws
7073,cucu154
7074,davikwon99
7075,dhwlgns96
7076,dudgns2043
7077,jmk0223
7078,kgmin604
7079,rjsdntlsdj
7080,specimen
7081,tina_98
7082,ysh4017
7083,dlatn4389
7084,expfunsce
7085,hgsu0806
7086,j07801
7087,kora1492
7088,qu3230
7089,rkdghgyun
7090,robin0903
7091,kimgiraffe
7092,sd205
7093,subbak2
7094,woah68
7095,9911alpha
7096,andyandrew03
7097,bright293
7098,jth403
7099,leohong163
7100,nathan29849
7101,soonmae
7102,vmrmrtms123
7103,wmf2fkrh
7104,yoonsik0926
7105,chlghksdyd24
7106,ekdud0529
7107,energyno
7108,iiwvii
7109,jrps2212
7110,kanaba5
7111,minsang0850
7112,mjy0750
7113,mkkw0228
7114,nochedeuyuni
7115,pjookim
7116,poonsu
7117,qkrpark00
7118,rococo
7119,sunny6283
7120,tkllllllll
7121,uso529134
7122,wjdckfrl55
7123,wjdqls1028
7124,affinity96
7125,head022
7126,hooooooman
7127,hyeon0528
7128,jh061016
7129,jobum
7130,ldy9320
7131,minjun7410
7132,moonwind
7133,tkdfhr7497
7134,yhwjd
7135,yjwdbswldn
7136,24hyunji
7137,9io
7138,a4336357
7139,alsrjs2516
7140,ascrtbolo
7141,baemin0103
7142,chunsa5224
7143,cms9586
7144,cutecjh33
7145,ehddud100698
7146,epika97
7147,eunhasoo
7148,hyeg0
7149,jaicoco
7150,kgu0515
7151,laaang93
7152,mononomo
7153,ptm0304
7154,qkrwhdah03
7155,slloph720
7156,alpacarua
7157,cpzmvytl12
7158,dbfpzk142
7159,deforeturn
7160,ghzldud
7161,hazard
7162,hider
7163,j0324
7164,jbhongg
7165,jin225675
7166,kjwkjw
7167,lovelhs97
7168,onejajae
7169,parkym
7170,rete510
7171,sdf856
7172,seayurre16
7173,smashman
7174,y7133
7175,ads1724
7176,ghbae1798
7177,hpnu6313
7178,ninehundred
7179,rlawjdghek
7180,sungyujeon
7181,uja
7182,wofhdjxor
7183,aeonflor
7184,alphago159
7185,bakyj96
7186,dbghksskfk
7187,dldhk97
7188,eunsolz
7189,he1233
7190,hjs7747
7191,jr31112
7192,jwl2327
7193,kwak2418
7194,laewon52
7195,lhs8928
7196,opushong3675
7197,pinipaper
7198,riverkeh
7199,supermentor
7200,wes819
7201,wnwngudwns
7202,areewar
7203,cdpkct
7204,chrismrkr
7205,chumjio1o
7206,jry9913
7207,kher1128
7208,khk9346
7209,l4538
7210,lee965870
7211,moa2app
7212,neverte
7213,nutmy52
7214,papajuju123
7215,pass345
7216,sdkup1317
7217,whdgmawkd
7218,ckstn0777
7219,haesoo9410
7220,hang
7221,jeans12321
7222,kdw7932
7223,liza0525
7224,ohsj0824
7225,smw123123
7226,thflgg133
7227,dumi33
7228,gljhan
7229,houek0307
7230,indosm
7231,jiwon7258
7232,junsu0302
7233,rhddbsghks
7234,rldrlsoaldi
7235,tkddnjs1234
7236,960_628
7237,ddol9
7238,hongjk7777
7239,ish330
7240,juny9610
7241,ksb0925
7242,ksb5535
7243,linear114
7244,mystic778
7245,o98123
7246,onkkno
7247,opcy02
7248,rladustn1003
7249,rlarjs7879
7250,sinsil0918
7251,swchoi1997
7252,act4ysr
7253,banacbc1
7254,dansin0131
7255,devffein
7256,dhodhody
7257,jjeewon1995
7258,jjong0025
7259,qudk0223
7260,rabi
7261,rir9817
7262,shbk0423
7263,tmdalsy
7264,yhya0904
7265,zlxldgus123
7266,07yoon13
7267,bini0823
7268,byran1302
7269,donghyeongzz
7270,dymin01
7271,ehdgkaos95
7272,gmladk04
7273,hjh70902000
7274,jonghun2
7275,lake
7276,mj043000
7277,mjk4993
7278,skjh0818
7279,sne12345
7280,thereisnotruth12
7281,yudh1232
7282,123qpq
7283,abcdkh1209
7284,ajb8406
7285,bwlee6736
7286,castel4564
7287,ket0804
7288,kimm240
7289,mse1163
7290,muzee99
7291,qkrwjddn
7292,seonghun337
7293,songibusut
7294,subeloper
7295,tkdgur1756
7296,tmdgus5514
7297,totomo
7298,vanc
7299,weapon114
7300,ykw333
7301,yourk
7302,06elvalove
7303,dkscltks
7304,dnjs0148
7305,emily2307
7306,gunwoo1
7307,horong54
7308,jason4284
7309,kilm1129
7310,kim0406jw
7311,kyj1991719
7312,kyungsub1996
7313,skjwj0511
7314,albert0507
7315,diakes
7316,doit99
7317,einfach991
7318,hanaluana
7319,hoiek12
7320,joyhyun99
7321,kjs3829
7322,parkkh07
7323,ph400
7324,testknight7024
7325,tlaxh000
7326,advice02
7327,alex0317
7328,circlelee92
7329,cofls980
7330,etut12
7331,gisung2215
7332,goddl717
7333,hoheho18
7334,jaja1012
7335,jang6733
7336,jeffyoun
7337,jeongjinyeong
7338,jig6795
7339,kdy030529
7340,kokojong
7341,leehk
7342,minah1362
7343,pooyo314
7344,pp10202
7345,sgdhk
7346,silver4550
7347,zxcasd3004
7348,himuchik
7349,holo
7350,invrtd_h
7351,junkuill
7352,jw950310
7353,pcw
7354,root7482
7355,samsamilsa
7356,syhwang04
7357,unodostre
7358,ykh094
7359,youngjin033
7360,ckdals7584
7361,cloudkim2024
7362,crazyz2000
7363,ehdgus6876
7364,fruity
7365,iodoyo16
7366,lastone817
7367,mjkim103301
7368,mm0133
7369,planaria
7370,rightafter
7371,rjsdl2210
7372,threedalpeng
7373,tngus5851
7374,wjddbcks
7375,wltn3704
7376,yl95yl
7377,borare
7378,dannykm
7379,heartiz
7380,hye1nu13
7381,jjh63360
7382,kimyu0218
7383,ksl1342
7384,liomessi
7385,lmistd0322
7386,ootzk
7387,sue991
7388,tidlsss
7389,tkzj02
7390,tnrms555
7391,wodudfox
7392,bsoomin8734
7393,cowdog10
7394,dongkam123
7395,lamuring
7396,nokh9503
7397,repaid110
7398,rinrin0509
7399,rlasoaen
7400,sjoh0704
7401,sungbin5304
7402,susu4788
7403,znzndnjswo2
7404,ckdwh421
7405,dae0102528
7406,dn0530
7407,god6836
7408,gom626
7409,gustj1109
7410,h1h2h1
7411,hanklram
7412,ihp001
7413,jaeryo
7414,jaeseb96
7415,jj1102
7416,kdhhuns2000
7417,ksh30918
7418,lockcept
7419,qwertyoeo
7420,sg05138
7421,sjs4126
7422,sky95012
7423,syh5477
7424,te0541
7425,tlgur0206
7426,aff4110
7427,bagzaru
7428,capella87
7429,dlwngud24
7430,easy8ch
7431,flflower
7432,hoho1911
7433,jealee
7434,joi0104
7435,ly0738
7436,orange5412
7437,qorwjdgs8951
7438,realtrolleryee
7439,reversing
7440,scottsuk0306
7441,sedias
7442,violette17
7443,zz132456zz
7444,1211ghkd
7445,arcane22
7446,belita76
7447,godqhrehgml
7448,jameswebb
7449,jslee7420
7450,kkhe56
7451,mmnm3
7452,reoy
7453,soom9611
7454,td1702
7455,tree92955
7456,truetrouble
7457,wjddn0728
7458,alswnssl0528
7459,cau
7460,djflsd087
7461,hyeon9698
7462,jiyoung1329
7463,jkim
7464,kimhyeonwoo2431
7465,kimjs2513
7466,kimsm0924
7467,magenta
7468,oh_jae_sung
7469,qwerty1
7470,raboribus
7471,rotmdehf
7472,sy9612
7473,tkdals627
7474,wan8234
7475,5755084
7476,ays0321
7477,baek2back
7478,chloe12
7479,duyeun330
7480,gorany3105
7481,h481827
7482,insomnia
7483,kcv456
7484,kosky77
7485,kunyjf
7486,lucas6624
7487,mj5471
7488,sujin7837
7489,swanius
7490,takinit
7491,allegretto
7492,bej2ny8
7493,cereme
7494,deleted
7495,dnfwlq8054
7496,eheh1313
7497,eric010506
7498,gracelee
7499,leejaejoon
7500,mwngh
7501,myunwoo
7502,pigonhae12
7503,pppp1923
7504,rhfpdk12
7505,sejchae
7506,songyoungwoo070803
7507,sonjw14
7508,tmdghks912
7509,app6048
7510,aslanlee
7511,atica57
7512,codebuster
7513,deriko
7514,dmsxo
7515,dragonsoup
7516,ggyool
7517,hacerrumbo
7518,hnduddn
7519,parkblo
7520,reldn
7521,slango
7522,sparerm7bae
7523,bae1004ki
7524,cnrjsgh01
7525,fpqpf02
7526,gkswogml23
7527,googy
7528,gurckddl
7529,jiyou126
7530,junto
7531,kdwtom
7532,kimgs0725
7533,ks0522
7534,kscodebase
7535,nsw5296
7536,otter66
7537,sangtalk
7538,sdy1051
7539,tjddn8770
7540,tjdytpq0310
7541,tlatmsdlwngo
7542,tmddus4709
7543,wjdrbs96
7544,wlgns6595
7545,akrnote
7546,chaniya2
7547,cjy981114
7548,dannykim
7549,debbiedeb
7550,dexaboud3
7551,gjxodud1
7552,ha012345
7553,hackid
7554,hooncat
7555,jjockrod
7556,laniakea1618
7557,lokilo
7558,rhkswnd13
7559,sb3991
7560,subaksms
7561,tjddn929
7562,vkdlxj3562
7563,wjo0204
7564,wonjaek36
7565,yangdw2002
7566,yoxxin
7567,zjvlzld
7568,brothersoo
7569,chadol51
7570,doolee13
7571,dot0112
7572,huh1125
7573,kevin622
7574,miria
7575,oallo
7576,ramtk6726
7577,ssm0425
7578,steelone
7579,subin
7580,tigger97
7581,1810011
7582,doohui96
7583,dprtm9250
7584,gonudayo
7585,gpark98
7586,gusxoz12
7587,healthparta
7588,jjj03231
7589,k3kys
7590,kkum94
7591,lsouheev4968
7592,pseeej
7593,qwe113
7594,remnant0709
7595,someday0324
7596,ssikssikii
7597,bluefcat
7598,ciwnyg0815
7599,ckwjdans
7600,dibgh
7601,gtod0104
7602,gustjwkd1007
7603,ilsa
7604,kad03004
7605,kimhan0515
7606,kingjky
7607,ntxq
7608,pl10hg
7609,postcookie
7610,qlgks1
7611,rnjswldnd
7612,sejin1031
7613,sgpk0717
7614,siasky21
7615,sldkdl111
7616,0321minji
7617,chiron
7618,czcz9207
7619,dongwon
7620,dudlf016
7621,gns5252
7622,lmjbsj
7623,mommoo
7624,orb_of_zone
7625,richard0326
7626,swj0515
7627,yj_7679
7628,all4359
7629,calculus
7630,dnjfs
7631,dongpang1014
7632,exit19093
7633,golab
7634,hangji0124
7635,injoon0617
7636,jjjj7979
7637,junsoodark
7638,lacomaco
7639,palatable7
7640,papower1
7641,qorwotjd
7642,rbstj0311
7643,sjuhee97
7644,skyiswonder
7645,tkdwo7699
7646,trevor522
7647,ultimate00
7648,upgrade2022
7649,v44ads
7650,yhs693
7651,zdsay5863
7652,0913vision
7653,cjstjdgur123
7654,daramzy
7655,ditn258gh
7656,hwang0108
7657,jeha0714
7658,jk4986
7659,kkh9946
7660,kmarnxnk
7661,ksknh7
7662,noname129
7663,oio337a
7664,soonwook34
7665,tjgus5017
7666,tjsduddd
7667,uigohiiming2
7668,zezering2192
7669,anyeji1220
7670,appealso
7671,ctfak
7672,dbrua1222
7673,dbsalvl123
7674,dhsin1255
7675,dlsgur9710
7676,gkagmldnjs
7677,guswns3371
7678,haymrpig
7679,hyeonic
7680,isp2490
7681,kim6394
7682,lsjppp1
7683,mortglacia
7684,nhj2965
7685,ohdo123
7686,piter0208
7687,rlaehdms4464
7688,seunghyun4525
7689,beaut98
7690,blashi
7691,boo106
7692,chanho0325
7693,choigmp
7694,hohoho
7695,hwisoo
7696,ilena7440
7697,jun991203
7698,kbm0652
7699,vect_r
7700,ymin96
7701,yyerim0901
7702,awayfromkeyboard
7703,bbnerino
7704,blasterdinray
7705,changu18
7706,dbsdudfh01
7707,deu03093
7708,han2258
7709,hyungjin
7710,jisu_0528
7711,ksy123
7712,lhm1442
7713,seoljh0722
7714,sukim97
7715,tmsksfh2012
7716,twokst
7717,akrnrh3737
7718,dexter
7719,dlfrnjs3456
7720,fldjzksms
7721,haeryung96
7722,hean1103
7723,hyerin0611
7724,iteyh812
7725,jaeho214
7726,jamesheeho
7727,jyjg7218
7728,kmt0405
7729,limjh2255
7730,loveto3
7731,osthus
7732,rabbit64
7733,seowj95
7734,sigening2774
7735,sillyer
7736,smc5236
7737,whddk4415
7738,xhaktmrb
7739,yunseong14
7740,bbvch13531
7741,chains44
7742,cjy0005
7743,hahiho716
7744,hansme
7745,hyonchan
7746,ijohn95
7747,imperio
7748,mollang99
7749,nmy2511
7750,rlagusdk1234
7751,stresstalmo
7752,tear94fall
7753,wnsqja8744
7754,zalcls9512
7755,1552060
7756,booting64
7757,chankipapa
7758,david02324
7759,dnjsqo5
7760,ehddnr1022
7761,iks15174
7762,kcseo25
7763,kimdon17
7764,lazybones1
7765,leejoyce
7766,park961003
7767,qooqooqoo
7768,random_lee
7769,rnrudxo
7770,sungpyo9053
7771,teddybear1024
7772,wh4044
7773,yhkwon0817
7774,aofur1216
7775,bepyan
7776,clint1115
7777,cowgirl409
7778,geeneve
7779,hwcho12357
7780,itlockit
7781,juan0501
7782,kyjin116
7783,kyw1654
7784,mcleroysane19
7785,melpin
7786,rstz
7787,shdudtjr77
7788,sim2377
7789,susu27
7790,thyung
7791,tjdwlslrj
7792,wogus3602
7793,asfg15
7794,boyunjjang1
7795,charles098
7796,doppio1101
7797,doyun0829
7798,junttang
7799,junyoung940408
7800,olleh0528
7801,onshorecoding9
7802,qotnals1320
7803,qpalzmm22
7804,ryuflower
7805,scyho0819
7806,sixthou
7807,tkqmfp26
7808,wngksdma123
7809,yhntgb3
7810,yhs1887
7811,chokim159
7812,danpatpang
7813,fpekrkfk_h
7814,hjsung809
7815,jake0403
7816,just_an_id_0211
7817,ksm010825
7818,mangkoo
7819,pchanwan
7820,pualtix
7821,yongjunleeme
7822,2147483647
7823,blair06
7824,davidforyou990
7825,guswns1029
7826,hywook4
7827,jsh5408
7828,kenew
7829,dwlee717
7830,suhyeonho
7831,ajh1201
7832,allen246
7833,annie0320
7834,computer98400
7835,dev_moon
7836,ecvheo1
7837,hgi720
7838,lokpwy
7839,pisces
7840,rlafkrgus963
7841,rooni97
7842,smj91011
7843,aprilgom
7844,chlqudco1
7845,chohyein96
7846,choiyoujun
7847,gdypc
7848,gkska741
7849,heeboy007
7850,hyun7949
7851,ifiwere
7852,ji584738
7853,kimminjun
7854,kizarrd10
7855,sangchoo1201
7856,sumini0516
7857,thetest1
7858,wisechang1
7859,bigai0215
7860,blo_ssun
7861,danny6883
7862,dmsrn135
7863,ekee90
7864,fjwldap
7865,gibum1228
7866,goofcode
7867,human00024
7868,jjh6963
7869,kijh30123
7870,mj2park
7871,nullist123
7872,ondal1997
7873,qpple6
7874,rlawjddns0
7875,rorhcdream
7876,s1865915
7877,setung
7878,smart8612
7879,whiwon818
7880,xeaquz
7881,youdong98
7882,yunhwa0
7883,2015136119
7884,alswhd1113
7885,batc
7886,bohee46
7887,dyim0403
7888,gmd1356
7889,gowns9806
7890,heyjaekim
7891,hgh11800
7892,jeong011010
7893,jgonkim
7894,jskim0427
7895,kbs_seon
7896,kji98765
7897,prinn9
7898,qowngus33
7899,rlarudgh2017
7900,songks76
7901,sue06004
7902,valthyme
7903,wldusdhso
7904,wooseung92
7905,yibangwon
7906,agada937
7907,chanw12
7908,cnw950
7909,dongu
7910,dongwoo_kim
7911,eoeh1120
7912,leejinzero
7913,leekitten123
7914,leekm12
7915,leemh9207
7916,momo1031
7917,phanre
7918,poplar0713
7919,rlawldud335
7920,skvkffish
7921,totokisung
7922,yurim11
7923,0xe82de
7924,acrane
7925,cordelia357
7926,dnsldnsl07
7927,emplam27
7928,gjtmzltoa
7929,gudfla0814
7930,kimsos0723
7931,kls1998
7932,maxx1027
7933,pbkpch
7934,perry0303
7935,scott0910
7936,ske05058
7937,thdgmltjd123
7938,tjwjd4605
7939,wls2137
7940,wlsdk194
7941,clicksyk
7942,daeye
7943,dldustn48
7944,harry4455
7945,hwihwi
7946,ilisha
7947,kiii
7948,klasnkv
7949,lyhthy6
7950,mmy789
7951,nalda1538
7952,pjw960316
7953,seung3313
7954,simple_dev
7955,tjdals
7956,tlans21
7957,tmdgp970120
7958,topal3249
7959,wjygogogo
7960,younsm23
7961,aku34587
7962,casdfghjke
7963,chlee1001
7964,eedaegil
7965,eugene6124
7966,leehg0813
7967,mardi83494
7968,ohwonteak
7969,phmi4199
7970,rocket2485
7971,vanessa7116
7972,wadong02
7973,wjdsh1234
7974,wngkd441
7975,zxcvbn658
7976,2_jimu
7977,ares403
7978,chae0801
7979,cleverdevk
7980,ghkdwhd5
7981,gojeasuk3
7982,il6642
7983,imearth01
7984,iniestar_97
7985,jaemina
7986,melon9751
7987,minji4759
7988,miso97o
7989,myoungs14
7990,ownit4137
7991,smpak
7992,tkddn204
7993,wkdaudfo
7994,wodydthk7
7995,yong_g
7996,young_kim
7997,devouring123
7998,dew3335
7999,dwookkim
8000,faang12594
8001,ironman94
8002,jhs851
8003,jun752601
8004,kardiray
8005,limagine
8006,notfound404
8007,o_okind
8008,tjddus424
8009,ys05063
8010,zeus011c
8011,znftm97
8012,zzang123014
8013,asd77777
8014,bokdol22
8015,bombard1004
8016,coldbrew
8017,hello12
8018,henry1220
8019,hwaset
8020,integral_99
8021,lucas0209
8022,ohtjqkd
8023,seung5359
8024,sword278
8025,tbvjdkrak9
8026,woos97
8027,1996skdms
8028,cajun7
8029,cohoz
8030,dhe032
8031,gspear
8032,gywns6287
8033,hyeonwoo7269
8034,jyh4479
8035,kimsd1983
8036,kmathl96
8037,myid8510
8038,skqlck
8039,viliketh1s98
8040,vkdtjsdo
8041,wjdgoruds2
8042,wpffl3333
8043,ydav
8044,aoal607
8045,cmzn97
8046,dbstndi6316
8047,dks
8048,dudgh9661
8049,echachca
8050,javawon
8051,jleejlee5
8052,junho7778
8053,kms941110
8054,leewwo2o
8055,momiens
8056,qlsdud0604
8057,rnldudns98
8058,skgudwn34
8059,wjfhs1
8060,wsson97
8061,ydh1305
8062,youn179
8063,chaeyeon20
8064,cooltime15
8065,cshloved
8066,dejoker
8067,digilogrichard
8068,dkagod98
8069,dlekgns6743
8070,dlthgml1997
8071,dovvn
8072,eung33
8073,ironcit
8074,jadenkim5179
8075,jksohn28
8076,kados22
8077,koseyeon
8078,lhh7985
8079,notorioush2
8080,nzkim1234
8081,panzzang518
8082,pym0040
8083,sbd530
8084,syaoran215
8085,wjdanfu
8086,zlzlelzl
8087,barock
8088,cjaewon
8089,jh9501
8090,lemongrabmayo
8091,p2062199
8092,parsin
8093,seunghoonlp
8094,tlqd
8095,zzoni
8096,apolon7579
8097,bbory6729
8098,blu3fishez
8099,boxak
8100,chy2495
8101,dbgmlwns
8102,dhgustjr8871
8103,dien12
8104,dongjoocha
8105,dudwn3036
8106,ehdgns1027
8107,hee26368
8108,jss5187
8109,love0705
8110,owjs3901
8111,qssz1326
8112,rlqjarhrh
8113,shinbonggyu
8114,sindless
8115,skyey94
8116,thddltkr99
8117,ymkwon3
8118,yongu2000
8119,aidenoh3
8120,areian13
8121,dydrkfsla
8122,gkftndltdj
8123,jbk92812
8124,jeffoio
8125,jypthemiracle
8126,kingsley
8127,oyrin9595
8128,rsual
8129,skh7343
8130,srihweb
8131,thsdnjstjq1
8132,aksen98011
8133,dbsehdgus
8134,dmstjd3256
8135,gksxorb147
8136,gojaech
8137,holq1010
8138,hyukk97
8139,insut
8140,jbo6659
8141,jjhhh2266
8142,josuhee
8143,knq1130
8144,liveinpeace
8145,ss5kijun
8146,wltn0630
8147,yhw79
8148,bitstr58
8149,ds03023
8150,hongston2
8151,hvho1119
8152,jdm0806
8153,kjhoon0330
8154,le5544
8155,maizer51
8156,pha1172
8157,procdso
8158,rhdrlvnd
8159,sangtf45
8160,sehoon0519
8161,slave_holyscar
8162,vfly1189
8163,xoxown
8164,0h328
8165,1avn
8166,7hseggi
8167,cjttkfkd3941
8168,hbson95
8169,2017136116
8170,hjy5405
8171,jerodis10
8172,jsovsb22
8173,jted0537
8174,krgeo
8175,ktasha45
8176,loveysuby
8177,mjoo1106
8178,phy9106
8179,rk28716
8180,rkdrud34
8181,sjgaudih
8182,sksksk705
8183,wonjongwoo01
8184,yjanmin
8185,yunjingong12
8186,1996yyk
8187,ani8570
8188,cjstka3
8189,cold929
8190,dohee
8191,dptmf06
8192,hyunmokang
8193,kimss7334
8194,lcn0412
8195,mks502
8196,puhahaha3000
8197,stinger0614
8198,ziz1945
8199,jahy5352
8200,janghun0056
8201,koji4321
8202,kyr9389
8203,love94610
8204,merin20
8205,rufflain
8206,sunione
8207,tkatjdrkwk
8208,airmancho
8209,chldntjs555
8210,cmk5378
8211,eguboj
8212,gksquf1269
8213,hwbae0326
8214,hyo01116
8215,ikhwan4142
8216,imssm99
8217,jdhqpt
8218,jeonjine
8219,jooeun9199
8220,khj878
8221,luz0415
8222,murra
8223,namu1092
8224,saspuxi
8225,songsungho
8226,stthunderl
8227,tph01198
8228,vonovo123
8229,caffe2n
8230,choichoi00
8231,dadd55
8232,ggj0418
8233,gkseofla7
8234,grdd0419
8235,jukim10101
8236,kid7ho
8237,kidscop99
8238,lostchild
8239,mike0726
8240,muzigae
8241,noname_0x16
8242,psy19899
8243,science_co
8244,sha2sha
8245,sm1752
8246,superbottlegod
8247,taehwan920
8248,tmdahr1245
8249,ahj3579
8250,akkn0907
8251,ceuity
8252,ckdghks3058
8253,cutesami
8254,dlwogns312
8255,god123564
8256,goodsosbva
8257,hyunicho62
8258,kwang5348
8259,lemonlemon
8260,leomessi
8261,limssss
8262,min050820
8263,rshak8912
8264,valuta
8265,ycm0921
8266,yimo22
8267,zc753951
8268,alstjd0903
8269,atlanboa
8270,dudals2467
8271,edwardycl
8272,ggamini
8273,gusdn0828
8274,haryan96
8275,hgkinm89
8276,iopell2007
8277,jwug0821
8278,limulu
8279,lunalik
8280,oioifor
8281,p0llux
8282,qaxs025
8283,qhrgkrtod03
8284,reup0622
8285,sdu07024
8286,songhi1115
8287,sqk8657
8288,swinnovator
8289,tiger6278
8290,tjswo950
8291,whipbaek
8292,wnehdtjr5
8293,3sally
8294,cheyeyne
8295,cjswntjd
8296,ghgt1
8297,gogosmon
8298,iseuli713
8299,jhoijune
8300,jihye7530
8301,junmpark0
8302,kdqer
8303,leeugun123
8304,lucia0915
8305,md05029
8306,nandong1104
8307,posix
8308,ssdj0607
8309,tylermyung1337
8310,xorbs578
8311,zidane92
8312,701tkdgns
8313,algoitni
8314,cksdnd004
8315,ganu4522
8316,hankyeol95
8317,hjk997
8318,hoonskyn
8319,hugun1234
8320,kwl3434
8321,redjen
8322,rlagkswn75
8323,sj_park
8324,chaejm55
8325,cokxz
8326,dbshin59
8327,jks961616
8328,jljl73
8329,kimmjieun
8330,nwerl
8331,pch8388
8332,powerberry
8333,rb8925
8334,sleehj96
8335,sohyua
8336,suin8
8337,cg456456
8338,coldmono0126
8339,dlfdyd96
8340,dojun2006
8341,giga1615
8342,jellybot
8343,kbear
8344,kkp6249
8345,ls4221
8346,oat641
8347,park7761
8348,paul3143
8349,qudals7613
8350,ruddnrdl
8351,s122s122
8352,ssonge413
8353,tnwjd9912a
8354,whdduq2302
8355,wlsrud677
8356,young4825
8357,youngqaa
8358,zzz845zz
8359,dioxer7785
8360,dividend
8361,dlqudgus2587
8362,francais
8363,ghkdus351
8364,gptpem38
8365,hidden987
8366,hun01222
8367,jhgim1117
8368,joon0zo1022
8369,joonbo97
8370,kdtoaj14
8371,kimdukbae
8372,sj155
8373,toy9910
8374,uhyeon7399
8375,woojinhome
8376,yund
8377,allsada000
8378,ftstokpark
8379,jasper200207
8380,jylisa0612
8381,kimwlsgud
8382,km7865
8383,l2minep
8384,lanius12
8385,psj970220
8386,rimeilo324
8387,rlacksgus97
8388,rlagudrb1208
8389,soohyun0907
8390,w97ww
8391,whco0210
8392,xman
8393,zziuning
8394,arkshart2
8395,djdhad
8396,jaejae0550
8397,justkoi
8398,kimsiwoo0428
8399,lemontree1729
8400,mlleo
8401,neity16
8402,qkrqudcks7
8403,twoye1193123
8404,wlsdn1372
8405,dohi
8406,dustnehowl
8407,ekzm8523
8408,jjjjjjjj
8409,junhe9411
8410,kooksk95
8411,lactea1618
8412,promise12mee
8413,qlalfqkd23
8414,qwe11
8415,syoh0708
8416,tjdehd3698
8417,tree5678
8418,umc1997
8419,zunza96
8420,alu
8421,ayoung73
8422,baesj11
8423,coder3
8424,cokkum113
8425,csheo0713
8426,meenyweeny
8427,mkcho1997
8428,preterite1
8429,psy3153
8430,seanrocket17
8431,suamzzz
8432,ulim130
8433,wjdcjs123
8434,ygy1998
8435,d1354104
8436,ghtn5706
8437,kah0396
8438,kek9520
8439,khjeon5
8440,ksccw1207
8441,mtb7390
8442,mythofys
8443,pts322
8444,richard25
8445,shjeong92
8446,tenny210
8447,yoon97610
8448,240240
8449,abcc1127
8450,baesh3744
8451,ckdlscjs
8452,cloudburst
8453,dong_s
8454,downeyy
8455,hsik0225
8456,jk5020kim
8457,kjsu0209
8458,kyle456
8459,moontek09
8460,mureya17
8461,nanjin96
8462,rjhwang
8463,sol6252
8464,wkdalsgh192
8465,wkgjs0809
8466,anchovy582
8467,ansy1219
8468,exceed_96
8469,ghkdrn4321
8470,gusrb3164
8471,hayu
8472,jjeda
8473,juneh0324
8474,kimdw2603
8475,kingsubin
8476,kjpark4321
8477,kkk5474096
8478,leesu0712
8479,master
8480,minloof
8481,rnska96
8482,sangjun117
8483,sjk1111
8484,tonic523
8485,wansang93
8486,wysf1994
8487,arkingco
8488,bbqgoi
8489,choijh524
8490,empodi
8491,eunbin851
8492,hahorse
8493,hdohe0113
8494,jae637
8495,jjw981210
8496,min000914
8497,mved12
8498,noryoah1975
8499,ocard9611
8500,parks8109
8501,sdy992000
8502,shi9160
8503,sosm8500
8504,wjdnr11
8505,ysilverlinery
8506,alkyne
8507,choisk0531
8508,chqdlstjd2
8509,deepaigo
8510,parkkwang
8511,paula53
8512,psh9907
8513,rlwls1102
8514,troyson
8515,zeki050309
8516,codingperson
8517,ddu0422
8518,dyyyyw
8519,gom991
8520,harang97
8521,jeun097
8522,jsshin1549
8523,kims1901
8524,kwonsky0910
8525,likehh
8526,loechnuj
8527,lss0524
8528,sjskgks
8529,skmbkang
8530,y2kwoo
8531,yeah13
8532,zjqltkfka123
8533,alsgh4098
8534,alstjr21c
8535,anirun
8536,cam0606
8537,cyjcmb98
8538,firefinger08
8539,jyoon050318
8540,kangmw
8541,kbg514
8542,kimin0412
8543,lynn529
8544,njs60201
8545,nohgijin
8546,oom2024
8547,qwe910205
8548,thrbtjd
8549,wlgns1830
8550,wook3024
8551,yhjoo0623
8552,15balloon
8553,a751546
8554,apexcel
8555,bigpel66
8556,blackmountain
8557,brant2872
8558,cjswltjr159
8559,dldydgns53
8560,gch03944
8561,griezmann07
8562,gudrb4869
8563,gusebdj
8564,junhaalee
8565,leejo223
8566,qkr5689
8567,wldnswldnswl
8568,aoieuo
8569,gong29
8570,hope9405
8571,id9678
8572,kuc0919
8573,lk1359
8574,nosouls2
8575,pnmsegwyd
8576,seyong00545
8577,sin37minduke
8578,sj7699
8579,ykiw911
8580,2nner
8581,asder36
8582,at8in
8583,bestcu115
8584,easter310
8585,jinwhan
8586,kheee512
8587,rkdud4889
8588,wie0213
8589,wjdgnsx94
8590,y007com
8591,apicad0307
8592,cation10w
8593,cho5160
8594,choshinyoung
8595,dbswns97
8596,honeyssh223
8597,jeuk23
8598,johy
8599,jungry
8600,oks721
8601,penguin1234
8602,qwerty1434
8603,rubinstory
8604,sawol
8605,sin5015243
8606,steven1998
8607,tomjones
8608,xcrypt0r
8609,1239824
8610,alfred_walker
8611,alswn8972
8612,baewonchan1
8613,baugh2487
8614,canplane
8615,daydream
8616,duddn14758
8617,ehdals56
8618,haan823
8619,kdsh5800
8620,matt4728
8621,nill1024
8622,ohhamma
8623,ozzie07
8624,pove2019
8625,totok682
8626,wdg2325
8627,flpdsc
8628,gh2630
8629,jeus
8630,jya3385
8631,soso01
8632,suiplz
8633,superl3
8634,thstnrhrh
8635,wogha95
8636,xofkdqkqh
8637,yangfriendship
8638,a90907
8639,asd0113
8640,blueblud
8641,bom171906
8642,dlehrud451
8643,dnfzja1213
8644,gjm1026
8645,iamhelpingstar
8646,mipy27
8647,runnz121
8648,setset321
8649,sk0054
8650,theattract
8651,wockd9600
8652,xorhks0005
8653,ehdcks3421
8654,giong89
8655,gyurim1250
8656,hata676
8657,january
8658,jijel977069
8659,kistone3
8660,lp7708
8661,lucete030
8662,mh1kim
8663,ministove3yo
8664,qhqhclsrn
8665,sj90947
8666,suhyunyoon
8667,yleh1126
8668,dewgang
8669,duddns1008
8670,fafer08
8671,josephdev
8672,kskyu610
8673,liyusang1
8674,lushin3
8675,minjaechoi
8676,piatoss3612
8677,qwerq123456
8678,ream123
8679,stego4
8680,suuum12
8681,whdvy3
8682,wjg365
8683,wlsduf930
8684,clcell3
8685,dbgprud8
8686,icsy9127
8687,jiun9808
8688,junior209
8689,kdk124578
8690,lhs8701
8691,lov21y
8692,prime4865
8693,scy7351
8694,skydreamer21
8695,syt0719
8696,yhn6543
8697,yjh7160378
8698,zaq7351
8699,alccount1024
8700,bjh99
8701,bloom6561
8702,chswoo7
8703,cubist
8704,dhwjdrb1234
8705,ehensnfl
8706,fabi88
8707,flame623
8708,ghghgh425
8709,great_gatsby
8710,hohner64
8711,john1752
8712,junsu0325
8713,kocan9803
8714,ksaul77
8715,lkmlkm00
8716,nyam9696
8717,paulmoguri
8718,ros008
8719,serendipity
8720,tmrhdl95
8721,zazz0907
8722,comojin1994
8723,conjurer000
8724,gunner6603
8725,horimz
8726,kwiz1029
8727,lightmare
8728,lsh23
8729,mooyoung2309
8730,ppoppy8080
8731,qwe20
8732,seolan25
8733,seyoung755
8734,tizr2240
8735,tkdwo287
8736,ggoom94
8737,jisukim96
8738,morphing25
8739,pcn02115
8740,pdophs
8741,rkd028
8742,seohyun0221
8743,solbaram
8744,tbnsok40
8745,ungun96
8746,bigteach
8747,chj8288
8748,chltjdgus99
8749,cho04322
8750,donghyun1109
8751,ekdnjs33
8752,jinlongbin
8753,kani215
8754,khj1999
8755,kiru1013kr
8756,mhericlee
8757,mike0809
8758,minsj88
8759,moon910904
8760,paengjiwon
8761,soobin519
8762,million_theater
8763,ssr3588
8764,tjdt11
8765,tmdqja7931
8766,wjdaps21
8767,wjdcldn1024
8768,xodid0936
8769,znjcm
8770,be_ok91
8771,burningminor
8772,celestial
8773,cyron1259
8774,foreverfl
8775,greatness007
8776,heyjay7
8777,hochan333
8778,hwangcw0613
8779,iod1124
8780,ljs0630
8781,mandaringit
8782,mhwan
8783,pjh9736
8784,rainshot
8785,tlstlfgks3
8786,cau_chty94
8787,dss1111
8788,ektn1013
8789,hwangjeongwoo
8790,impregnable33
8791,jooin2000
8792,min413
8793,oune
8794,pjw5521
8795,rkddkwlehd3
8796,seor8674
8797,tjfvmfdydid_java
8798,upbo
8799,whdals7337
8800,yeom456
8801,boxerkiter
8802,chosaihim
8803,cppc03
8804,damek113
8805,dhwns1003
8806,greg3566
8807,ialy1595
8808,icefalls
8809,jh3758
8810,kairos23
8811,kjhktc
8812,kkyul17
8813,koycc1220
8814,kts1234
8815,pahr
8816,notae
8817,peterjw201
8818,rachel618
8819,rudxor2133
8820,so2009
8821,solbin0027
8822,sotetero11
8823,strowise
8824,titane308
8825,yosak_dev
8826,ckjin95
8827,cksgodl
8828,dkenl0110
8829,dldnjswls5852
8830,duckddud213
8831,enpko52
8832,ji5485
8833,kkddiiock
8834,lre12
8835,lvcm2018
8836,newlsl97
8837,psa0630
8838,ririnto
8839,rrr0403
8840,sdgsdg2
8841,ssoonngg53
8842,tlarbfuf
8843,yw1221
8844,0911bim
8845,audtjrauddn
8846,diyung
8847,dong97140
8848,girr311
8849,gomcool17
8850,hyun0k
8851,javakong
8852,kufmid
8853,qudrnr9305
8854,rbcjswkd
8855,seungjaelee13
8856,shl9887
8857,ssfirg
8858,stppp
8859,tjdwlsdn333
8860,tngud128
8861,tpgus343
8862,uhs20000
8863,vmfh321
8864,wer153
8865,yuuetu1234
8866,zaq615
8867,asdd0459
8868,codeer
8869,coldcold
8870,dqdq4197
8871,dth
8872,ghals05
8873,hjeongb0320
8874,hyeonsu1013
8875,jw0111
8876,kimjh4930
8877,ksl2950
8878,lsj0822
8879,powdragon1
8880,prkhj98
8881,rlawlsdnr006
8882,siathus
8883,skekq123
8884,woook
8885,284764
8886,chungee375
8887,gze1206
8888,ilbiav27
8889,ili0820
8890,j2_3
8891,kdlqudrb
8892,kjh0114
8893,marinemaro
8894,megaton920
8895,obo314
8896,psh104404
8897,quddkfl0320
8898,saewoohan
8899,zzunny97
8900,bofde
8901,britzman27
8902,ccma750
8903,dpalstn77
8904,huicheol7
8905,jinogi213
8906,jjz151
8907,mecd
8908,nkismine
8909,rich32123
8910,shpaul2001
8911,suhyunkimbb
8912,taehee914
8913,yjhoon3658
8914,young0609
8915,yyn9704
8916,chaeha93
8917,eunhayeo03
8918,gkdms6575
8919,jihee0602
8920,loda
8921,lsj010320
8922,ngp9441
8923,s53809
8924,sabin5105
8925,sks20
8926,tjd1024
8927,tmdals0113
8928,wnsgud96
8929,alyssa1996
8930,djyou128
8931,dzv
8932,dlgustmd3590
8933,eldldl07
8934,gabriel1120
8935,hjbae22
8936,hoyoung205
8937,hyein15
8938,ian_test
8939,jaehoon21
8940,last9500
8941,lde7335
8942,lotus806
8943,m1lsun0710
8944,mangekyou
8945,pch8349
8946,qorwns29
8947,rhd0503
8948,yuzxc
8949,akstp88
8950,alstjtjd05
8951,ckdfh0917
8952,devsdk
8953,dlgockd54
8954,eunpyokim
8955,herring
8956,hg7258
8957,hjkl
8958,hun3595
8959,hyunminkim
8960,jyh9023
8961,kathor888
8962,kja8147
8963,kts0684
8964,lotte1071103
8965,rosf73
8966,skylake
8967,westgdragon95
8968,alswhdgus9
8969,dg6001
8970,dhqtl1
8971,dnjf55
8972,inho_2736
8973,omp0109
8974,pcyeon07
8975,phjppo0918
8976,ryan4321
8977,trg_angel
8978,vidigummy
8979,wassw
8980,woongvy
8981,zxcvb91
8982,23kitty96
8983,8804who
8984,asdf0185
8985,bgbg789456
8986,cmc9595
8987,fecastudios
8988,his927183855
8989,ht2641
8990,ky4013
8991,rhalwls9808
8992,rlacjfgus2
8993,lukince
8994,wldn3634
8995,wlsdhks5495
8996,wodbs135
8997,abc00f
8998,ddongjin
8999,ei4567
9000,identity230c
9001,khlee98
9002,lifecream
9003,litch0s2
9004,poohlicious0
9005,poopidoopi97
9006,qhftkf1
9007,quarter814
9008,suuu3
9009,thdnjs194
9010,yejin9819
9011,1_0
9012,98shcho
9013,ajy7424
9014,bjy887
9015,dnwnsqjarnt
9016,goonbamm
9017,healed135
9018,hyoseung6030
9019,iamjy
9020,jdahl0711
9021,jsh587
9022,jws0041
9023,kcms2369
9024,suchan7311
9025,sungdoolim
9026,tlswlgh120
9027,wlsgh7608
9028,ziziwhdgus
9029,cozups
9030,dhy03196
9031,dorinee_restart
9032,h971114
9033,hanjise0ng
9034,hipdoong
9035,junhaesung
9036,lion091117
9037,sanguineman
9038,spicyshrimp171
9039,thh165
9040,tkfkvldh1
9041,a1eng0
9042,bws96o
9043,cmj0930
9044,dlatqdlatq
9045,dltmxor31
9046,gmltmd23
9047,hl1046
9048,jmin777
9049,kl529
9050,kms15461
9051,ksumin0730
9052,lkwks
9053,luke6624
9054,mj1ee
9055,mjnhb85
9056,munis
9057,shin005004
9058,whfprl1010
9059,wishoon
9060,wnhoyt77
9061,wo7864
9062,ataraxia94
9063,BLACKITE
9064,bonahlee
9065,dmsvk5661
9066,embed94xod
9067,goharrm
9068,googila
9069,gusdnr9934
9070,jacksonpark
9071,jihwan0319
9072,kyrin1103
9073,new5162
9074,ove16
9075,rhsek123
9076,ssail
9077,syeon0204
9078,tjdeorkfl
9079,cissylee
9080,dogoong
9081,emptynought
9082,fytuhaibo
9083,invincible
9084,jaejae555
9085,jsh4701
9086,leetkdguq73
9087,lyr426
9088,qweas46
9089,utturi
9090,wkddnjsdlr
9091,wnrnjsdlf
9092,wognscn
9093,wony86a
9094,yeong35
9095,ykmgameha
9096,yms737
9097,at96
9098,gndan4
9099,kahowt
9100,kimhw0820
9101,kisin1530
9102,mesh153
9103,muchiya
9104,namsick96
9105,rkddlfah02
9106,rmagur1203
9107,seonbi_g
9108,tonypark7277
9109,zeunala
9110,15computer
9111,aegis1920
9112,back4740
9113,beagooddev
9114,chemwang
9115,comingo1
9116,devruby
9117,ehdgus9594
9118,gh0jhs
9119,henyu16
9120,jeesup0103
9121,jgiraffe
9122,jk_park_tech
9123,ktwqwe12
9124,matthewwk
9125,milkboy2564
9126,nnaoww
9127,npr04100
9128,pcmaster0228
9129,plutokor
9130,qhdus101
9131,skjdhawj
9132,soryrung96
9133,ssbin4
9134,anstjdrnjs3
9135,bs0610
9136,chung1306
9137,dbm01049
9138,ekqls6876
9139,goldi0609
9140,hopedream
9141,hyu
9142,icjk1003
9143,kimds5344
9144,patrickkr
9145,richardbae
9146,rkdthd12
9147,rlatkdduq99
9148,sikugeon
9149,symsool
9150,whwotjr
9151,wjdaud13580
9152,wndgur2
9153,yesung000
9154,youlive
9155,zioox12
9156,znfmxmrhlepf
9157,azvfsxcd
9158,dhdhgustlr
9159,dydelemf
9160,hoya54
9161,hyunsoo
9162,iwin1203
9163,jinsungone
9164,legojini
9165,louis2006
9166,mitcbj
9167,piggtkim
9168,reavil
9169,shalomhi22
9170,shimyc
9171,skyblue5023
9172,vhonv
9173,wwdbsh
9174,702fbtngus
9175,clw8679
9176,dbtkdwls2291
9177,djarkdgml
9178,dxdydz
9179,dynam1001
9180,gustkdxo007
9181,hwanseok_dev
9182,kmb0502
9183,ltnyst10
9184,minkang911
9185,pms9116
9186,rhdtn311
9187,siun0331
9188,thdals83
9189,thwjd2717
9190,vixyark
9191,vodka
9192,whitehyun
9193,zodist
9194,zzamny1013
9195,da12345
9196,eastar
9197,gtsdy0204
9198,ledcost
9199,maecsan1
9200,njs04210
9201,ori844acul
9202,owo030
9203,qudwo09
9204,sioni322
9205,solomon5
9206,song1680
9207,vyrjsgml
9208,abcdefg619
9209,banjjak123
9210,idj3293
9211,jae464
9212,jiwon0297
9213,kyuli0909
9214,mondsichel123
9215,psungkr94
9216,reewoo4674
9217,seungwon95
9218,simjy954
9219,yh0405
9220,yuzu33
9221,zsr123
9222,amam555
9223,diddbtjr7
9224,dlwhdgus6953
9225,ghwanzz
9226,jakeehoson
9227,jinsu0709
9228,jjw23456
9229,kc2585
9230,kms0644804
9231,manatom
9232,savagef
9233,sense168
9234,sjw9714
9235,wlsgh97
9236,9pruruluru2
9237,ace001
9238,beomsun22
9239,dnzksdl
9240,doradorav
9241,dvlpr
9242,gongwho
9243,gyungm00
9244,hansi97
9245,ilesejin
9246,j2013yk
9247,jhyang2362
9248,jinyong0670
9249,jyb1018
9250,rlatngus6663
9251,snowoo0
9252,taleas
9253,theeluwin
9254,tmdgks301
9255,whoishu
9256,alsdbtjd0103
9257,aszxvcb
9258,demitymd
9259,dmsrkd1216
9260,dudgus9101
9261,giyoon27
9262,gkgksmf1
9263,jhjung1402
9264,kmc546
9265,leonardkkh
9266,misoning
9267,pmj1010123
9268,rhe9788
9269,spide333
9270,tjdudqls9098
9271,whraaqq
9272,yhyeonjg
9273,chayhyeon
9274,chltjrwns1gh
9275,combi_jihoon
9276,dnjsgh0508
9277,dyi919
9278,ms990905
9279,narae_dev
9280,no_nick
9281,ysb05
9282,bangjinhyuk
9283,chun1079
9284,cmcncb136
9285,eunseo2000v
9286,inryuuu
9287,jjwjun10
9288,kyi1220
9289,lhm7198
9290,lumiere
9291,pirunita
9292,rio1004666
9293,rmlgml
9294,tpfpske
9295,whden2
9296,wootag2
9297,5kyoungs
9298,chaeby0213
9299,dlscjs5362
9300,dltkddbs9729
9301,kkj3263
9302,kyungrae93
9303,leex45
9304,miusha
9305,osydoo
9306,qldkssp99
9307,qwww7777
9308,rancho974
9309,rlaskdus4713
9310,soogyung1106
9311,38svbe
9312,blogharu
9313,ckhe1215
9314,dolgore2000
9315,ejc0628
9316,eknow25
9317,hhytruth
9318,jisun
9319,lentti
9320,lstar
9321,ohhyungsuh
9322,puhehe99
9323,sem1308
9324,skshtlsdidrb
9325,s_um
9326,wltn2814
9327,yjh9317
9328,2015136025
9329,cathy192
9330,darkhad
9331,ilutoo
9332,junh700
9333,kim76744
9334,mmm
9335,nokpasa
9336,siwoo07
9337,ss62615
9338,superior95
9339,tjstod
9340,wltjq4300
9341,wnsfuf0121
9342,bitbyul
9343,bon0303
9344,hm8264
9345,jiyoon127
9346,jms334
9347,jun903
9348,salvable
9349,seojihwan213
9350,shm1193
9351,sksy368
9352,syhwang1231
9353,syoung622
9354,tmdgus3901
9355,zlx9030
9356,bean0234
9357,chocolate32
9358,ehehdgus1
9359,enlqn1010
9360,hey_jin
9361,hy6219
9362,kang48450
9363,ohno73
9364,oizys18
9365,qweasfjbv
9366,ryukiyoun
9367,wodnd101
9368,072756
9369,bluelove8939
9370,devappmin
9371,dkyou7
9372,elin99
9373,jd06280
9374,jsl1113
9375,koios
9376,kwonliz
9377,mesozoa
9378,mintway0341
9379,mjycoco0
9380,mmch3211
9381,nick1324
9382,rhcsky
9383,svolts
9384,tincan
9385,wjddn279
9386,xornjsthsus7
9387,daijang35
9388,dldual84
9389,ds04030
9390,ejko1230
9391,focus023
9392,jkseo20
9393,jschang0407
9394,jwonylee
9395,mahoon2
9396,ok688500
9397,radh1021
9398,since1909
9399,whwotjd9090
9400,yunjj21
9401,zxswv
9402,bbqabc
9403,bms2002
9404,coco74591
9405,dmswl6310
9406,ezer
9407,greatgucci
9408,hossi0128
9409,hsh0726
9410,jeongth9446
9411,jhg3410
9412,kqjatjr
9413,leeiopd
9414,limminjeong98
9415,love_adela
9416,nahappy15
9417,stae1102
9418,timgu
9419,wer2wer
9420,ansxjrdptj94
9421,ergla
9422,imjaegon
9423,jangdj00123
9424,jihun333
9425,j_hyunj
9426,kimmstop
9427,kood777
9428,mcdonalds
9429,mymasterpark2
9430,mypju
9431,nuke
9432,sjs3326
9433,sktkddn777
9434,velcoz1234
9435,wjdgns7712
9436,alko
9437,alstjdwo1601
9438,bewisesh91
9439,chanee88
9440,hgfamily97
9441,janet30
9442,junujung0709
9443,kevin1231
9444,konaespresso94
9445,sglee487
9446,suleesulee
9447,tiger5678
9448,uc07012hi
9449,ung7497
9450,vinblanx
9451,youngxpepp
9452,12345up
9453,abdh94
9454,alexanderboykin
9455,bobae1998
9456,bonhwi3825
9457,chsbin99
9458,dogo
9459,dudtod1596
9460,gbs04087
9461,hahe0521
9462,hing9u
9463,hmw1022
9464,hooligyun
9465,icepeppermint
9466,jaeyeony
9467,jwh1401
9468,jwyang
9469,kidkiz3
9470,kiles1201
9471,kkyun0823
9472,leejydh97
9473,lky9303
9474,openlook
9475,qjaqp
9476,rnrn213
9477,salmonsushi
9478,shihabbong
9479,springofbird
9480,sungjun12
9481,wjsghtjf
9482,yummygona
9483,blizzrd
9484,chvj7567
9485,cushionbadak
9486,dbstn322
9487,diddidtjstjs
9488,hjk2060
9489,hsinh
9490,hunhoo
9491,hyewon981019
9492,kimho23
9493,kkmin223
9494,limtsoo
9495,littlefugue
9496,minseob17
9497,namdh0911
9498,rladudqls0302
9499,rlatn219
9500,tesseract
9501,tjdgh925
9502,yeoneon0524
9503,biturbo
9504,danieljung
9505,dbgks6552
9506,didwngus01
9507,iok951024
9508,jaeheonb69
9509,mschu0304
9510,qpeijty1
9511,silversla
9512,sj2360
9513,slew61
9514,songjun5711
9515,tjgurwns5757
9516,wwkdwwkd
9517,algobird
9518,angel3907
9519,applegrape
9520,feliser
9521,hysung2588
9522,hyun4you2006
9523,jinho0217
9524,judgement
9525,kimdavid0307
9526,max8276
9527,mengchi501
9528,mymelody
9529,oiui1072
9530,quietgong
9531,rechardkee
9532,semssem
9533,wnsghk1025
9534,yunsuk0616
9535,aliceshard
9536,anytime96
9537,bce9238
9538,bidooldool
9539,cdnnnl
9540,cezyr6491
9541,e99min2
9542,ehs0525
9543,fall123
9544,iandr0805
9545,iiiiiiillllllli
9546,jennylsm
9547,jg501404
9548,jkhk7788
9549,kumjinwoo
9550,leehdhj33
9551,mandos95
9552,qkrfowns45
9553,rhjung2001
9554,sangyeun3
9555,tdj03063
9556,tjdwns5063
9557,tmddbs0215
9558,tony5035
9559,1024
9560,dlwjdgk3751
9561,eremo2002
9562,frimay28
9563,ioswithjeff
9564,ji771551651515
9565,kookjd7759
9566,ktjs7252
9567,lcy8047
9568,mychoi1199
9569,qkrdmstlr3
9570,rds257
9571,show7805
9572,skang103
9573,splato88
9574,tomy807
9575,wangsuuu
9576,wnfls1006
9577,yhj1937
9578,aattion
9579,cmg1411
9580,djafladf
9581,dltmd202
9582,eogns0321
9583,hjk8596
9584,ii200400
9585,jihwanla17
9586,ka28
9587,kanghyeoni
9588,maplestorysp
9589,moonkunhee2005
9590,onelife0985
9591,qlqhqo2341
9592,saytome33
9593,sjy
9594,tpgjs0527
9595,tuuktuc86
9596,y005
9597,dndbekfrl1
9598,dswjddls
9599,hwk98
9600,kangjunlucky
9601,kay
9602,lejent3
9603,lov4e3
9604,ltg9612
9605,mathno1
9606,onebellfortune
9607,originalll
9608,precilla
9609,skdlflzk
9610,soy1904
9611,stome159
9612,superlipbalm
9613,tngur0716
9614,wogns1733
9615,airvw
9616,ariaskkh
9617,bird08
9618,dycha0430
9619,ethanwestdoor
9620,geunseok95
9621,glowing713
9622,hanjiho
9623,hdk325
9624,henry0430
9625,hyungkk
9626,indigo97
9627,kafka
9628,kbeeysk
9629,litmu2g
9630,mrjin111
9631,nasmik419
9632,ohj8447
9633,qazqww
9634,qkrehdwns96
9635,rhdtha01
9636,ricola
9637,rlaclghks123
9638,sitmj
9639,sjh2428
9640,songs4805
9641,su5468
9642,swc0620
9643,winterflower
9644,wondong5
9645,yhs05323
9646,agpine
9647,bitan002123
9648,fltcy2039
9649,gray22
9650,guswns8431
9651,junhooo111
9652,jya6436kk
9653,kys1001
9654,minseoi
9655,nocturne07
9656,rqse0192
9657,tik9129
9658,woojj5
9659,bbasung
9660,dbwjdgus0
9661,eodnjs0903
9662,jeonjy7
9663,jschang
9664,ljc2401
9665,nayechan
9666,oopi159
9667,zxcv859500
9668,ckaehd95
9669,dlans321
9670,do99999
9671,javaallin1
9672,jun8889
9673,junelazy
9674,lfoyh6591
9675,phoenix9373
9676,sac7160
9677,sukha5364
9678,wjswjs6879
9679,ys200209
9680,adgjl16430
9681,chanstar
9682,dhwhc0711
9683,djagusqls926
9684,djwls_0716
9685,eggman9298
9686,hym1030
9687,jihyunee
9688,joyjune
9689,kimsezin
9690,lala8261
9691,leec0203
9692,lemondouble
9693,rlaeogh1128
9694,sbm5661
9695,show534
9696,sia2650
9697,suhwan0824
9698,tldusdk5
9699,wltn4511
9700,yllausac
9701,ajh1973456
9702,chj1330
9703,dldydldy75
9704,ejh9853
9705,firefox
9706,godeeper
9707,hizuk
9708,hummingsy
9709,hybae430
9710,iooi1919
9711,jamjaeng2
9712,jeongjin717
9713,kang3498
9714,khc41
9715,kimyeonwoo0506
9716,lsw725
9717,mingc1023
9718,minsonyo
9719,myc228
9720,otu165
9721,seows2
9722,smc3843
9723,wngh0420
9724,yh960903
9725,bindongg
9726,boboroo
9727,chominho96
9728,cjh970422
9729,dande_lion
9730,dongbin4013
9731,god1857
9732,hwangjimin1
9733,kimtaiwhan
9734,kmh0422
9735,ksw1726
9736,lachrym96
9737,lcj207
9738,lhb0321
9739,lizzey2
9740,mywonkim
9741,nasilso
9742,parksh9014
9743,pch0989
9744,singularis7
9745,tjdgns7027
9746,tmdals8798
9747,ympark99
9748,ynnjn
9749,abhbtbb1
9750,dngustls
9751,hiaro711
9752,ilksh
9753,jkonury
9754,jsh0116
9755,koxogml
9756,ldj526
9757,lim990718
9758,rkadndud06
9759,savior31
9760,stam0325
9761,stature_lee
9762,tlsrlgkrry
9763,tprjs456
9764,vladimirgluten
9765,winluck
9766,wnsgml7267
9767,wogud9019
9768,won7963
9769,youna
9770,ywj3493
9771,yyggh337
9772,dkdltmais9
9773,dlok125
9774,hhosu107
9775,hynjin
9776,jaeseo
9777,jayb100
9778,k906506
9779,kangmj921
9780,kge950
9781,kkj3877
9782,leesjun
9783,lightroast
9784,lim3346
9785,loozy5331
9786,meenheepark1001
9787,qowlsdn8007
9788,rladufbf
9789,rlawpdls
9790,tjr4090
9791,yhn01130
9792,yrhan0420
9793,bud386
9794,gc5215
9795,j1h00
9796,jera100
9797,jon1004kkqwe
9798,juhyeong
9799,lambent41
9800,limjisuu
9801,mrj0115
9802,shingyeom02
9803,shinryan9
9804,woongyomi
9805,yty9323
9806,9oo_rok98
9807,arcsage
9808,bigdefence
9809,bunnybunny
9810,dobidugi
9811,fighting1989
9812,flowersayo0811
9813,gywls517
9814,heungjun92
9815,ilovecoffee
9816,js8662
9817,juk1329
9818,knkk0807
9819,kyeon9
9820,littlebb326
9821,sonic247897
9822,sw200662
9823,tanficial
9824,wltnjeon0119
9825,c0mm4
9826,esh0504
9827,goban
9828,gurubooru
9829,healgorithm
9830,jjeon83
9831,jonathan0509
9832,lhg78910
9833,mrgentle1
9834,newcij
9835,ororwnstlr
9836,ramicramic
9837,shun
9838,sodgyu
9839,spider504
9840,tw0shin00
9841,whddnjs5167
9842,wlghks0461
9843,xjclvkq1999
9844,zmfl1230
9845,answldjs1836
9846,bb1yack1ng
9847,btocc24
9848,cmy909
9849,exon
9850,falloutboy
9851,grazerhee
9852,hun90531
9853,jjh1324567
9854,kbw1101
9855,kkk950928
9856,manyreasonlol
9857,minjoo0112
9858,paul4722
9859,qwe6009
9860,sdjs53
9861,simyeen
9862,starboard
9863,voickjole
9864,wlsrb7577
9865,alzflost
9866,crd9709
9867,gouz7514
9868,homubee
9869,hoonchany99
9870,hooongover
9871,junsmilevv
9872,ks8171235
9873,kth1561
9874,laru1072
9875,micro155
9876,ppapom
9877,rkdgusxo66
9878,tejavascript
9879,tldjfj123
9880,ufo6475
9881,wndtjs101
9882,zuppiy
9883,1bin
9884,2_j
9885,alsrb0504
9886,chop97
9887,chsong91
9888,codestudy4022
9889,domaumr
9890,ds257873
9891,eujjin
9892,fomalhaut20
9893,getmoney
9894,gkagm2
9895,jkl7142
9896,jwlee508
9897,jww0418
9898,loc9245
9899,minji0320
9900,morningstar9047
9901,phobyjun
9902,qkrqjatn1324
9903,rbgksqkr
9904,sdyoon94
9905,ssmmkk00
9906,wjdghks728
9907,yys456
9908,bc1916
9909,bibi0218
9910,b_code_ghost
9911,cd2420
9912,dmsine009
9913,esteban0829
9914,gtr7852
9915,hero0807
9916,jtg0221
9917,jym3263
9918,keumss
9919,pig052656
9920,sju0924
9921,vkffkehlss
9922,whitepiano
9923,yoenjin787
9924,alsgur2848
9925,cjc1288
9926,gyheo
9927,hodurie
9928,homill
9929,hyorim96
9930,jsyoun0823
9931,junow2
9932,pioneer918
9933,pygichtyou7
9934,qq123
9935,refresh6724
9936,rfvtgbyh11
9937,tpdus831
9938,13chakbo
9939,2wjdwo97
9940,ahu8867
9941,alsdnr4320
9942,baaaang_53
9943,bob123
9944,coconamy77
9945,dlwlgus53
9946,ekdus2574
9947,goflvhxj2547
9948,jeeyeon27
9949,kgo0926
9950,on2130
9951,pjh0490
9952,plog
9953,wlwlsus
9954,wodud2970
9955,calvin0627
9956,dkstjswjd83
9957,kojh0111
9958,mmow110
9959,plato9946
9960,proceane
9961,qkrwltn24
9962,rkgus96
9963,sdjdr87
9964,siyamaki
9965,sosow0212
9966,vhckrgkek
9967,whgustj33
9968,yunjh0420
9969,bmchun00
9970,dawit0310
9971,ehd970706
9972,emfkq14
9973,euroversedev
9974,jhbaik1501
9975,jomulagy688
9976,jsr27382
9977,juju08217
9978,kiju23
9979,kye0715
9980,mksu234
9981,oogab
9982,qawesdxc
9983,qjvk2880
9984,rnxogud136
9985,robin1001
9986,sj_000
9987,snowfirefly209
9988,taikun30
9989,teeu
9990,tnehd1998
9991,cakeme
9992,cdc
9993,dudu0166
9994,dudxo0809
9995,icwgi
9996,jbj0616
9997,jjs01hwang
9998,junsoolee96
9999,jyn47
